id,localTime,utcTime,mag,magType,depth_km,lat,lon,place,status,dist_from_epicenter_km
SGC2026pqqmro,2026-08-10 07:34,2026-08-10 12:34,7.4,Mw,103.0,4.990934719865107,-76.291741067906,"San José del Palmar - Chocó, Colombia",manual,15.6
SGC2026pqqrzq,2026-08-10 07:40,2026-08-10 12:40,2.2,MLr_1,73.0,4.434147721513884,-76.72121635012255,"Istmina - Chocó, Colombia",manual,73.7
SGC2026pqqtoz,2026-08-10 07:42,2026-08-10 12:42,1.3,MLr_2,0.0,4.905803944238757,-75.24150342896165,"Villahermosa - Tolima, Colombia",manual,108.5
SGC2026pqqwgj,2026-08-10 07:45,2026-08-10 12:45,2.7,MLr_1,89.0,4.697471487115886,-76.4827285484953,"Sipí - Chocó, Colombia",manual,34.9
SGC2026pqqysa,2026-08-10 07:48,2026-08-10 12:48,1.5,MLr_1,79.0,4.861387887390226,-76.36520553955282,"San José del Palmar - Chocó, Colombia",manual,16.1
SGC2026pqqzwb,2026-08-10 07:49,2026-08-10 12:49,2.0,MLr_1,75.0,4.807454104074153,-76.3830628099142,"San José del Palmar - Chocó, Colombia",manual,19.4
SGC2026pqqzld,2026-08-10 07:49,2026-08-10 12:49,1.6,MLr_1,67.0,4.669333333333333,-76.7435,"Sipí - Chocó, Colombia",manual,62.2
SGC2026pqratd,2026-08-10 07:50,2026-08-10 12:50,1.1,MLr_1,75.0,4.734484867822996,-76.47545164163891,"Sipí - Chocó, Colombia",manual,32.1
SGC2026pqrbod,2026-08-10 07:51,2026-08-10 12:51,1.4,MLr_1,78.0,4.869848088694708,-76.28421015666387,"San José del Palmar - Chocó, Colombia",manual,7.1
SGC2026pqrdli,2026-08-10 07:53,2026-08-10 12:53,1.4,MLr_1,80.0,4.869848088694708,-76.27567987432482,"San José del Palmar - Chocó, Colombia",manual,6.2
SGC2026pqrgby,2026-08-10 07:57,2026-08-10 12:57,0.8,MLr_1,73.0,4.869848088694708,-76.2586193096467,"San José del Palmar - Chocó, Colombia",manual,4.3
SGC2026pqrklk,2026-08-10 08:02,2026-08-10 13:02,1.4,MLr_1,83.0,4.843409959618202,-76.37897706594461,"San José del Palmar - Chocó, Colombia",manual,17.9
SGC2026pqrnrn,2026-08-10 08:05,2026-08-10 13:05,0.8,MLr_1,70.0,4.565333333333333,-76.51416666666667,"Sipí - Chocó, Colombia",manual,47.0
SGC2026pqromy,2026-08-10 08:06,2026-08-10 13:06,1.7,MLr_1,86.0,4.741887543964417,-76.46162975405176,"Sipí - Chocó, Colombia",manual,30.3
SGC2026pqrpcm,2026-08-10 08:07,2026-08-10 13:07,1.0,MLr_1,78.0,4.865617988042467,-76.31404530768462,"San José del Palmar - Chocó, Colombia",manual,10.4
SGC2026pqrppy,2026-08-10 08:08,2026-08-10 13:08,1.7,MLr_1,63.0,4.1285229493894695,-76.81666387211973,"El Litoral del San Juán (Docordó) - Chocó, Colombia",manual,105.7
SGC2026pqrqmn,2026-08-10 08:09,2026-08-10 13:09,1.6,MLr_1,87.0,4.734484867822996,-76.46692305220155,"Sipí - Chocó, Colombia",manual,31.2
SGC2026pqrtud,2026-08-10 08:12,2026-08-10 13:12,2.8,MLr_1,48.0,4.6935,-76.53,"Sipí - Chocó, Colombia",manual,39.6
SGC2026pqrtck,2026-08-10 08:12,2026-08-10 13:12,1.4,MLr_1,88.0,4.3685,-76.63583333333334,"El Litoral del San Juán (Docordó) - Chocó, Colombia",manual,72.3
SGC2026pqryij,2026-08-10 08:18,2026-08-10 13:18,4.8,MLr_1,94.0,4.870905613857769,-76.39191030576946,"San José del Palmar - Chocó, Colombia",manual,19.0
SGC2026pqsbft,2026-08-10 08:21,2026-08-10 13:21,2.2,MLr_1,92.0,4.461,-76.8125,"Istmina - Chocó, Colombia",manual,79.9
SGC2026pqsdzm,2026-08-10 08:24,2026-08-10 13:24,1.3,MLr_1,76.0,4.886768491303672,-76.3312106714784,"San José del Palmar - Chocó, Colombia",manual,12.5
SGC2026pqsfzg,2026-08-10 08:26,2026-08-10 13:26,1.3,MLr_1,98.0,4.3645,-76.66466666666666,"El Litoral del San Juán (Docordó) - Chocó, Colombia",manual,74.8
SGC2026pqsffg,2026-08-10 08:26,2026-08-10 13:26,0.6,MLr_1,93.0,5.047512316088831,-76.14004002120754,"San José del Palmar - Chocó, Colombia",manual,21.6
SGC2026pqskdz,2026-08-10 08:31,2026-08-10 13:31,3.4,MLr_1,92.0,4.864560462879407,-76.34709468555887,"San José del Palmar - Chocó, Colombia",manual,14.1
SGC2026pqsmpo,2026-08-10 08:34,2026-08-10 13:34,2.9,MLr_1,90.0,4.843409959618202,-76.353387222245,"San José del Palmar - Chocó, Colombia",manual,15.1
SGC2026pqsqee,2026-08-10 08:38,2026-08-10 13:38,3.0,MLr_1,91.0,4.849755110596563,-76.37047876700373,"San José del Palmar - Chocó, Colombia",manual,16.8
SGC2026pqsytx,2026-08-10 08:48,2026-08-10 13:48,2.3,MLr_1,101.0,4.611833333333333,-76.68866666666666,"Sipí - Chocó, Colombia",manual,59.3
SGC2026pqtaxt,2026-08-10 08:51,2026-08-10 13:51,2.3,MLr_1,86.0,4.843409959618202,-76.30647250879574,"San José del Palmar - Chocó, Colombia",manual,10.0
SGC2026pqtdtd,2026-08-10 08:54,2026-08-10 13:54,2.1,MLr_1,72.0,4.262,-76.6875,"El Litoral del San Juán (Docordó) - Chocó, Colombia",manual,85.2
SGC2026pqthpi,2026-08-10 08:59,2026-08-10 13:59,2.4,MLr_1,82.0,4.7503477452689,-76.470200977108,"Sipí - Chocó, Colombia",manual,30.8
SGC2026pqtlum,2026-08-10 09:05,2026-08-10 14:05,2.4,MLr_1,75.0,4.638250077984512,-76.61247772046666,"Sipí - Chocó, Colombia",manual,50.6
SGC2026pqttmv,2026-08-10 09:12,2026-08-10 14:12,2.2,MLr_2,90.0,4.364351060751907,-76.74004708677145,"El Litoral del San Juán (Docordó) - Chocó, Colombia",manual,80.5
SGC2026pqtxha,2026-08-10 09:17,2026-08-10 14:17,2.4,MLr_1,80.0,4.763038047225622,-76.45747152058742,"San José del Palmar - Chocó, Colombia",manual,28.9
SGC2026pqueew,2026-08-10 09:25,2026-08-10 14:25,2.4,MLr_1,84.0,4.813799255052515,-76.37029997727073,"San José del Palmar - Chocó, Colombia",manual,17.8
SGC2026pquggs,2026-08-10 09:27,2026-08-10 14:27,2.0,MLr_1,15.0,4.848833333333333,-76.82416666666667,"Medio San Juan (Andagoya) - Chocó, Colombia",manual,67.0
SGC2026pquomq,2026-08-10 09:37,2026-08-10 14:37,2.4,MLr_1,83.0,4.528267461026246,-76.49468795837801,"Sipí - Chocó, Colombia",manual,48.7
SGC2026pqurwo,2026-08-10 09:41,2026-08-10 14:41,2.2,MLr_1,59.0,4.5018293319497396,-76.41463131860102,"Sipí - Chocó, Colombia",manual,46.3
SGC2026pquucb,2026-08-10 09:44,2026-08-10 14:44,2.0,MLr_1,47.0,4.434147721513884,-76.69137883067148,"Istmina - Chocó, Colombia",manual,71.3
SGC2026pquzax,2026-08-10 09:49,2026-08-10 14:49,2.2,MLr_1,92.0,4.434147721513884,-76.72547885290128,"Istmina - Chocó, Colombia",manual,74.1
SGC2026pqvjkv,2026-08-10 10:01,2026-08-10 15:01,3.8,MLr_1,88.0,4.844166666666666,-76.4095,"San José del Palmar - Chocó, Colombia",manual,21.2
SGC2026pqvxtl,2026-08-10 10:18,2026-08-10 15:18,2.0,MLr_1,70.0,4.228987839880194,-76.7393832806307,"El Litoral del San Juán (Docordó) - Chocó, Colombia",manual,91.6
SGC2026pqwbtg,2026-08-10 10:22,2026-08-10 15:22,2.4,MLr_1,86.0,4.87725076483613,-76.36208602074547,"San José del Palmar - Chocó, Colombia",manual,15.8
SGC2026pqwemm,2026-08-10 10:26,2026-08-10 15:26,2.1,MLr_1,106.0,4.237,-76.60416666666667,"El Litoral del San Juán (Docordó) - Chocó, Colombia",manual,82.3
SGC2026pqwiqm,2026-08-10 10:30,2026-08-10 15:30,2.4,MLr_1,114.0,4.441,-76.5865,"Sipí - Chocó, Colombia",manual,62.7
SGC2026pqwlho,2026-08-10 10:33,2026-08-10 15:33,2.5,MLr_1,99.0,4.866,-76.33016666666667,"San José del Palmar - Chocó, Colombia",manual,12.2
SGC2026pqwsmn,2026-08-10 10:42,2026-08-10 15:42,2.1,MLr_1,82.0,4.756692896247261,-76.44038191061989,"San José del Palmar - Chocó, Colombia",manual,27.5
SGC2026pqwuff,2026-08-10 10:44,2026-08-10 15:44,2.1,MLr_1,75.0,4.538842712656848,-76.62902719328429,"Sipí - Chocó, Colombia",manual,58.4
SGC2026pqwxxq,2026-08-10 10:48,2026-08-10 15:48,2.4,MLr_1,86.0,4.851870160922684,-76.40247703117453,"San José del Palmar - Chocó, Colombia",manual,20.3
SGC2026pqxcfj,2026-08-10 10:53,2026-08-10 15:53,2.1,MLr_1,79.0,4.873020664183889,-76.37059517194743,"San José del Palmar - Chocó, Colombia",manual,16.7
SGC2026pqxgrw,2026-08-10 10:58,2026-08-10 15:58,1.7,MLr_1,80.0,4.844467484781262,-76.33953128045695,"San José del Palmar - Chocó, Colombia",manual,13.5
SGC2026pqxnkh,2026-08-10 11:06,2026-08-10 16:06,1.5,MLr_1,38.0,5.63020868093503,-76.04587539235548,"Bagadó - Chocó, Colombia",manual,86.7
SGC2026pqybpp,2026-08-10 11:23,2026-08-10 16:23,2.0,MLr_1,80.0,4.364351060751907,-76.74004708677145,"El Litoral del San Juán (Docordó) - Chocó, Colombia",manual,80.5
SGC2026pqyhof,2026-08-10 11:29,2026-08-10 16:29,1.7,MLr_1,60.0,4.093624619008481,-76.73874057439664,"El Litoral del San Juán (Docordó) - Chocó, Colombia",manual,103.7
SGC2026pqyiwi,2026-08-10 11:31,2026-08-10 16:31,2.3,MLr_1,95.0,4.3802139381978105,-76.71135645216678,"El Litoral del San Juán (Docordó) - Chocó, Colombia",manual,77.0
SGC2026pqyklq,2026-08-10 11:33,2026-08-10 16:33,1.6,MLr_1,83.0,4.899458793260395,-76.31847784773286,"San José del Palmar - Chocó, Colombia",manual,11.4
SGC2026pqyqzn,2026-08-10 11:40,2026-08-10 16:40,2.3,MLr_1,82.0,4.813799255052515,-76.39588870381606,"San José del Palmar - Chocó, Colombia",manual,20.5
SGC2026pqytfp,2026-08-10 11:43,2026-08-10 16:43,2.1,MLr_1,83.0,4.858215311901045,-76.38971383449991,"San José del Palmar - Chocó, Colombia",manual,18.8
SGC2026pqyuag,2026-08-10 11:44,2026-08-10 16:44,1.6,MLr_2,87.0,4.407709592437377,-76.07000952661778,"Zarzal - Valle del Cauca, Colombia",manual,54.0
SGC2026pqzirp,2026-08-10 12:01,2026-08-10 17:01,1.2,MLr_2,2.0,4.894833333333334,-75.3035,"Villahermosa - Tolima, Colombia",manual,101.6
SGC2026pqzkxc,2026-08-10 12:03,2026-08-10 17:03,1.6,MLr_1,91.0,4.803166666666667,-76.46533333333333,"San José del Palmar - Chocó, Colombia",manual,28.2
SGC2026pqzmjp,2026-08-10 12:05,2026-08-10 17:05,1.7,MLr_1,46.0,4.559993215918054,-76.54600062542542,"Sipí - Chocó, Colombia",manual,49.9
SGC2026pqzrpi,2026-08-10 12:11,2026-08-10 17:11,1.8,M,86.0,4.781015974997647,-76.47142198168014,"San José del Palmar - Chocó, Colombia",manual,29.6
SGC2026pqzzxm,2026-08-10 12:21,2026-08-10 17:21,2.5,MLr_1,87.0,4.856100261574925,-76.4216911070985,"San José del Palmar - Chocó, Colombia",manual,22.4
SGC2026pragdj,2026-08-10 12:28,2026-08-10 17:28,2.6,MLr_1,79.0,4.430975146024703,-76.72013475649504,"Istmina - Chocó, Colombia",manual,73.9
SGC2026prakkc,2026-08-10 12:33,2026-08-10 17:33,2.7,MLr_1,86.0,4.83600728347678,-76.39493357919095,"San José del Palmar - Chocó, Colombia",manual,19.7
SGC2026prchij,2026-08-10 13:30,2026-08-10 18:30,2.4,MLr_1,46.0,4.591718970809861,-76.76146089472383,"Medio San Juan (Andagoya) - Chocó, Colombia",manual,67.5
SGC2026prchfd,2026-08-10 13:30,2026-08-10 18:30,1.8,MLr_1,20.0,4.713,-76.732,"Sipí - Chocó, Colombia",manual,59.4
SGC2026prczxs,2026-08-10 13:51,2026-08-10 18:51,1.6,MLr_1,50.0,4.04603598667077,-76.74384508583347,"El Litoral del San Juán (Docordó) - Chocó, Colombia",manual,108.5
SGC2026prdufp,2026-08-10 14:15,2026-08-10 19:15,0.5,MLr_2,3.0,4.9865,-75.85433333333333,"Belalcazar - Caldas, Colombia",manual,42.5
SGC2026pregdd,2026-08-10 14:29,2026-08-10 19:29,2.4,MLr_1,88.0,4.706989213583429,-76.46465360142905,"Sipí - Chocó, Colombia",manual,32.6
SGC2026prehjl,2026-08-10 14:30,2026-08-10 19:30,2.4,MLr_1,80.0,4.79476380211743,-76.36594120019623,"San José del Palmar - Chocó, Colombia",manual,18.2
SGC2026prenfq,2026-08-10 14:37,2026-08-10 19:37,2.0,MLr_1,81.0,4.889941066792853,-76.32802749550447,"San José del Palmar - Chocó, Colombia",manual,12.2
SGC2026pretem,2026-08-10 14:44,2026-08-10 19:44,1.5,MLr_1,1.0,4.764,-76.80733333333333,"Nóvita - Chocó, Colombia",manual,66.1
SGC2026prfgvv,2026-08-10 15:00,2026-08-10 20:00,1.9,MLr_1,91.0,4.844666666666667,-76.51683333333334,"Nóvita - Chocó, Colombia",manual,33.0
SGC2026prgtqx,2026-08-10 15:45,2026-08-10 20:45,2.1,MLr_1,54.0,4.108429971291325,-76.76224365684594,"El Litoral del San Juán (Docordó) - Chocó, Colombia",manual,103.8
SGC2026prinvw,2026-08-10 16:39,2026-08-10 21:39,2.1,MLr_1,89.0,4.858215311901045,-76.31294261987051,"San José del Palmar - Chocó, Colombia",manual,10.4
SGC2026prjvok,2026-08-10 17:18,2026-08-10 22:18,1.8,MLr_1,34.0,4.66997583287632,-76.62756421515863,"Nóvita - Chocó, Colombia",manual,50.3
SGC2026prkftx,2026-08-10 17:29,2026-08-10 22:29,1.8,MLr_1,77.0,4.805339053748033,-76.34680206349373,"San José del Palmar - Chocó, Colombia",manual,15.8
SGC2026prklxf,2026-08-10 17:37,2026-08-10 22:37,2.4,MLr_1,96.0,4.534166666666667,-76.76816666666667,"Istmina - Chocó, Colombia",manual,71.3
SGC2026prkqst,2026-08-10 17:42,2026-08-10 22:42,2.4,MLr_2,71.0,3.967779124604312,-76.30897149579506,"Buga - Valle del Cauca, Colombia",manual,100.8
SGC2026prldko,2026-08-10 17:57,2026-08-10 22:57,1.1,MLr_1,72.0,4.929069497826083,-76.22478388892304,"San José del Palmar - Chocó, Colombia",manual,6.6
SGC2026prlknc,2026-08-10 18:05,2026-08-10 23:05,2.3,MLr_1,77.0,4.664688207061019,-76.48149941527484,"Sipí - Chocó, Colombia",manual,36.9
SGC2026prlnvx,2026-08-10 18:09,2026-08-10 23:09,2.1,MLr_1,81.0,4.811684204726394,-76.44279066869056,"San José del Palmar - Chocó, Colombia",manual,25.5
SGC2026prlpdz,2026-08-10 18:10,2026-08-10 23:10,2.3,MLr_1,85.0,4.738714968475237,-76.46267993983074,"Sipí - Chocó, Colombia",manual,30.6
SGC2026prlzew,2026-08-10 18:22,2026-08-10 23:22,2.4,MLr_1,71.0,4.093666666666667,-76.83683333333333,"El Litoral del San Juán (Docordó) - Chocó, Colombia",manual,110.1
SGC2026prmedx,2026-08-10 18:28,2026-08-10 23:28,2.4,MLr_1,90.0,4.46481595124263,-76.66915351242386,"Sipí - Chocó, Colombia",manual,67.1
SGC2026prmpdg,2026-08-10 18:41,2026-08-10 23:41,1.6,MLr_1,46.0,4.948333333333333,-76.455,"Nóvita - Chocó, Colombia",manual,27.5
SGC2026prnbdl,2026-08-10 18:55,2026-08-10 23:55,2.0,MLr_1,112.0,4.644166666666667,-76.79416666666667,"Medio San Juan (Andagoya) - Chocó, Colombia",manual,68.4
SGC2026prnfxe,2026-08-10 19:00,2026-08-11 00:00,1.7,MLr_1,30.0,4.137,-76.56216666666667,"El Litoral del San Juán (Docordó) - Chocó, Colombia",manual,89.9
SGC2026prnnvq,2026-08-10 19:09,2026-08-11 00:09,1.5,MLr_1,38.0,4.6678607825502,-76.66166437463849,"Sipí - Chocó, Colombia",manual,53.9
SGC2026prntwi,2026-08-10 19:16,2026-08-11 00:16,1.5,MLr_1,88.0,4.742945069127478,-76.45843679439746,"Sipí - Chocó, Colombia",manual,30.0
SGC2026proiwx,2026-08-10 19:34,2026-08-11 00:34,1.9,MLr_1,93.0,4.805339053748033,-76.41503781984456,"San José del Palmar - Chocó, Colombia",manual,22.8
SGC2026pronbg,2026-08-10 19:39,2026-08-11 00:39,1.6,MLr_1,54.0,4.091509568682361,-76.76642462015974,"El Litoral del San Juán (Docordó) - Chocó, Colombia",manual,105.7
SGC2026proyoy,2026-08-10 19:52,2026-08-11 00:52,2.0,MLr_1,89.0,4.731312292333815,-76.48076605274824,"Sipí - Chocó, Colombia",manual,32.8
SGC2026prozzt,2026-08-10 19:54,2026-08-11 00:54,1.5,MLr_1,79.0,4.824374506683117,-76.37888213098061,"San José del Palmar - Chocó, Colombia",manual,18.3
SGC2026prpcef,2026-08-10 19:56,2026-08-11 00:56,2.5,MLr_1,94.0,4.42145741955716,-76.71689009969809,"Istmina - Chocó, Colombia",manual,74.3
SGC2026prpdrq,2026-08-10 19:58,2026-08-11 00:58,1.5,MLr_2,79.0,4.356948384610485,-75.97816677579172,"Zarzal - Valle del Cauca, Colombia",manual,63.0
SGC2026prphnw,2026-08-10 20:02,2026-08-11 01:02,1.7,MLr_2,88.0,4.124292848737229,-76.1391797975805,"Andalucía - Valle del Cauca, Colombia",manual,83.4
SGC2026prpjbh,2026-08-10 20:04,2026-08-11 01:04,2.3,MLr_1,15.0,4.682166666666666,-76.68333333333334,"Sipí - Chocó, Colombia",manual,55.4
SGC2026prpivq,2026-08-10 20:04,2026-08-11 01:04,1.2,MLr_1,30.0,4.656166666666667,-76.2755,"Versalles - Valle del Cauca, Colombia",manual,24.6
SGC2026prpqgk,2026-08-10 20:12,2026-08-11 01:12,1.9,MLr_1,101.0,4.463666666666667,-76.666,"Sipí - Chocó, Colombia",manual,67.0
SGC2026prpqgj,2026-08-10 20:13,2026-08-11 01:13,1.8,MLr_1,92.0,4.813799255052515,-76.2977985853923,"San José del Palmar - Chocó, Colombia",manual,10.6
SGC2026prqdnt,2026-08-10 20:28,2026-08-11 01:28,1.9,MLr_1,74.0,4.317666666666667,-76.7535,"El Litoral del San Juán (Docordó) - Chocó, Colombia",manual,85.3
SGC2026prqfry,2026-08-10 20:30,2026-08-11 01:30,1.8,MLr_1,2.0,4.220666666666666,-76.7525,"El Litoral del San Juán (Docordó) - Chocó, Colombia",manual,93.3
SGC2026prrltb,2026-08-10 21:08,2026-08-11 02:08,2.0,MLr_1,94.0,4.987233381794396,-76.19414016198245,"San José del Palmar - Chocó, Colombia",manual,13.3
SGC2026prromw,2026-08-10 21:11,2026-08-11 02:11,2.3,MLr_1,63.0,4.111833333333333,-76.8245,"El Litoral del San Juán (Docordó) - Chocó, Colombia",manual,107.7
SGC2026prrwbd,2026-08-10 21:19,2026-08-11 02:19,2.6,MLr_1,0.0,4.753,-76.81233333333333,"Sipí - Chocó, Colombia",manual,66.9
SGC2026prsvas,2026-08-10 21:49,2026-08-11 02:49,1.5,MLr_1,111.0,5.234,-75.99666666666667,"Pueblo Rico - Risaralda, Colombia",manual,47.4
SGC2026prsyru,2026-08-10 21:53,2026-08-11 02:53,2.4,MLr_1,56.0,4.234275465695495,-76.76178103821213,"El Litoral del San Juán (Docordó) - Chocó, Colombia",manual,92.8
SGC2026prtsfo,2026-08-10 22:15,2026-08-11 03:15,2.9,MLr_1,89.0,4.851870160922684,-76.35556173021479,"San José del Palmar - Chocó, Colombia",manual,15.2
SGC2026prtrtm,2026-08-10 22:15,2026-08-11 03:15,1.7,MLr_1,30.0,4.533666666666667,-76.77616666666667,"Istmina - Chocó, Colombia",manual,72.1
SGC2026prtxgh,2026-08-10 22:21,2026-08-11 03:21,1.7,MLr_1,61.0,5.017901611523143,-76.4726524967371,"Condoto - Chocó, Colombia",manual,32.5
SGC2026prubqh,2026-08-10 22:26,2026-08-11 03:26,2.5,MLr_1,91.0,4.881480865488371,-76.33225070546574,"San José del Palmar - Chocó, Colombia",manual,12.5
SGC2026prucvf,2026-08-10 22:28,2026-08-11 03:28,1.5,MLr_1,99.0,5.261166666666667,-75.97466666666666,"Pueblo Rico - Risaralda, Colombia",manual,51.3
SGC2026pruxwr,2026-08-10 22:52,2026-08-11 03:52,1.9,MLr_1,82.0,4.495833333333334,-76.6485,"Sipí - Chocó, Colombia",manual,63.1
SGC2026prvcwx,2026-08-10 22:58,2026-08-11 03:58,1.8,MLr_1,83.0,4.852927686085744,-76.36089828061091,"San José del Palmar - Chocó, Colombia",manual,15.7
SGC2026prvvnx,2026-08-10 23:20,2026-08-11 04:20,1.7,MLr_1,100.0,4.239166666666667,-76.61216666666667,"El Litoral del San Juán (Docordó) - Chocó, Colombia",manual,82.5
SGC2026prvxjf,2026-08-10 23:22,2026-08-11 04:22,2.2,MLr_1,85.0,4.885710966140612,-76.3365369676505,"San José del Palmar - Chocó, Colombia",manual,13.0
SGC2026prwshk,2026-08-10 23:47,2026-08-11 04:47,1.8,MLr_1,110.0,4.4445,-76.66066666666667,"Sipí - Chocó, Colombia",manual,68.0
SGC2026prwufm,2026-08-10 23:48,2026-08-11 04:48,1.7,MLr_1,87.0,4.8255,-76.39283333333333,"San José del Palmar - Chocó, Colombia",manual,19.8
SGC2026prxoze,2026-08-11 00:12,2026-08-11 05:12,3.6,MLr_1,96.0,4.847111297688913,-76.39552243400995,"San José del Palmar - Chocó, Colombia",manual,19.6
SGC2026pryomw,2026-08-11 00:42,2026-08-11 05:42,2.6,MLr_1,100.0,4.985118331468276,-76.18133223179932,"San José del Palmar - Chocó, Colombia",manual,13.5
SGC2026pryyzh,2026-08-11 00:54,2026-08-11 05:54,3.0,MLr_1,93.0,4.87725076483613,-76.37061639705767,"San José del Palmar - Chocó, Colombia",manual,16.7
SGC2026psbtju,2026-08-11 02:18,2026-08-11 07:18,2.3,MLr_1,84.0,4.720737040703212,-76.38690031769212,"Sipí - Chocó, Colombia",manual,24.8
SGC2026pscwyw,2026-08-11 02:52,2026-08-11 07:52,3.2,MLr_1,92.0,4.428860095698582,-76.74356771523067,"Istmina - Chocó, Colombia",manual,76.0
SGC2026psdoen,2026-08-11 03:12,2026-08-11 08:12,1.5,MLr_1,42.0,4.144666666666667,-76.78833333333333,"El Litoral del San Juán (Docordó) - Chocó, Colombia",manual,102.3
SGC2026psdocc,2026-08-11 03:13,2026-08-11 08:13,2.8,MLr_1,54.0,4.120062748084988,-76.7697549238598,"El Litoral del San Juán (Docordó) - Chocó, Colombia",manual,103.3
SGC2026psgdra,2026-08-11 04:31,2026-08-11 09:31,3.0,MLr_1,95.0,4.748232694942779,-76.48938004247863,"Sipí - Chocó, Colombia",manual,32.8
SGC2026psgwmn,2026-08-11 04:53,2026-08-11 09:53,2.7,MLr_1,88.0,4.9105,-76.386,"San José del Palmar - Chocó, Colombia",manual,18.9
SGC2026pskwdg,2026-08-11 06:53,2026-08-11 11:53,2.9,MLr_1,49.0,4.327337680044797,-76.6770005424548,"El Litoral del San Juán (Docordó) - Chocó, Colombia",manual,78.8
SGC2026psocbx,2026-08-11 08:30,2026-08-11 13:30,2.3,MLr_1,91.0,4.75246279559502,-76.10347273033923,"Ansermanuevo - Valle del Cauca, Colombia",manual,18.4
SGC2026psqaow,2026-08-11 09:29,2026-08-11 14:29,2.8,MLr_1,94.0,4.845525009944322,-76.34060275198361,"San José del Palmar - Chocó, Colombia",manual,13.6
SGC2026psqimh,2026-08-11 09:38,2026-08-11 14:38,1.8,MLr_1,41.0,4.425687520209401,-76.77658568467864,"Istmina - Chocó, Colombia",manual,79.0
SGC2026psrkbh,2026-08-11 10:10,2026-08-11 15:10,3.1,MLr_1,89.0,4.847640060270443,-76.42378072073134,"San José del Palmar - Chocó, Colombia",manual,22.7
SGC2026pssmqj,2026-08-11 10:43,2026-08-11 15:43,3.9,MLr_1,92.0,4.899987555841926,-76.36699863508608,"San José del Palmar - Chocó, Colombia",manual,16.6
SGC2026pstxgo,2026-08-11 11:26,2026-08-11 16:26,2.1,MLr_1,41.0,4.483851404177715,-76.67990588007494,"Istmina - Chocó, Colombia",manual,66.6
SGC2026psudyk,2026-08-11 11:33,2026-08-11 16:33,2.7,MLr_1,88.0,4.865617988042467,-76.4078778234393,"San José del Palmar - Chocó, Colombia",manual,20.8
SGC2026psugkp,2026-08-11 11:36,2026-08-11 16:36,2.1,MLr_1,55.0,4.222642688901832,-76.80114170644936,"El Litoral del San Juán (Docordó) - Chocó, Colombia",manual,96.6
SGC2026psukuu,2026-08-11 11:41,2026-08-11 16:41,2.2,MLr_1,42.0,4.549417964287451,-76.66318584081816,"Sipí - Chocó, Colombia",manual,60.7
SGC2026psurnp,2026-08-11 11:49,2026-08-11 16:49,1.7,MLr_1,18.0,4.540666666666667,-76.60133333333333,"Sipí - Chocó, Colombia",manual,55.9
SGC2026pszdet,2026-08-11 14:03,2026-08-11 19:03,2.7,MLr_1,48.0,4.118666666666667,-76.765,"El Litoral del San Juán (Docordó) - Chocó, Colombia",manual,103.1
SGC2026ptasvg,2026-08-11 14:52,2026-08-11 19:52,2.1,MLr_1,52.0,4.165536330096579,-76.77742839093361,"El Litoral del San Juán (Docordó) - Chocó, Colombia",manual,99.8
SGC2026ptbjje,2026-08-11 15:11,2026-08-11 20:11,2.5,MLr_1,29.0,5.92314315110272,-76.75989970174432,"Medio Atrato (Beté) - Chocó, Colombia",manual,131.5
SGC2026ptbsxk,2026-08-11 15:22,2026-08-11 20:22,2.5,MLr_1,36.0,4.536727662330728,-76.66312137299334,"Sipí - Chocó, Colombia",manual,61.5
SGC2026ptdtnh,2026-08-11 16:23,2026-08-11 21:23,2.3,MLr_1,84.0,4.746117644616659,-76.47231187963331,"Sipí - Chocó, Colombia",manual,31.2
SGC2026ptevqq,2026-08-11 16:56,2026-08-11 21:56,2.5,MLr_1,38.0,4.41828484406798,-76.73498944020298,"Istmina - Chocó, Colombia",manual,76.0
SGC2026ptftuf,2026-08-11 17:24,2026-08-11 22:24,3.5,MLr_1,116.0,4.893666666666666,-76.38883333333334,"San José del Palmar - Chocó, Colombia",manual,18.9
