time_utc,lat,lon,depth_km,mag,mag_type,region
2026-08-10 12:34:27,4.991,-76.292,103.41,7.4,Mw,"San Jose del Palmar - Choco, Colombia"
2026-08-10 12:40:40,4.434,-76.721,72.86,2.2,MLr_1,"Istmina - Choco, Colombia"
2026-08-10 12:45:36,4.697,-76.483,88.68,2.7,MLr_1,"Sipi - Choco, Colombia"
2026-08-10 12:49:47,4.807,-76.383,74.82,2.0,MLr_1,"San Jose del Palmar - Choco, Colombia"
2026-08-10 13:06:46,4.742,-76.462,85.68,2.9,MLr_1,"Sipi - Choco, Colombia"
2026-08-10 13:12:56,4.694,-76.53,48.21,2.8,MLr_1,"Sipi - Choco, Colombia"
2026-08-10 13:18:09,4.871,-76.392,93.99,4.8,MLr_1,"San Jose del Palmar - Choco, Colombia"
2026-08-10 13:21:33,4.461,-76.813,91.91,2.2,MLr_1,"Istmina - Choco, Colombia"
2026-08-10 13:31:55,4.865,-76.347,92.38,3.4,MLr_1,"San Jose del Palmar - Choco, Colombia"
2026-08-10 13:34:44,4.843,-76.353,89.61,2.9,MLr_1,"San Jose del Palmar - Choco, Colombia"
2026-08-10 13:38:52,4.85,-76.37,90.99,3.0,MLr_1,"San Jose del Palmar - Choco, Colombia"
2026-08-10 13:48:52,4.612,-76.689,101.22,2.3,MLr_1,"Sipi - Choco, Colombia"
2026-08-10 13:51:21,4.843,-76.306,86.14,2.3,MLr_1,"San Jose del Palmar - Choco, Colombia"
2026-08-10 13:54:38,4.262,-76.688,71.95,2.1,MLr_1,"El Litoral del San Juan (Docordo) - Choco, Colombia"
2026-08-10 13:59:06,4.75,-76.47,81.98,2.4,MLr_1,"Sipi - Choco, Colombia"
2026-08-10 14:05:06,4.638,-76.612,74.59,2.4,MLr_1,"Sipi - Choco, Colombia"
2026-08-10 14:12:56,4.364,-76.74,90.1,2.2,MLr_2,"El Litoral del San Juan (Docordo) - Choco, Colombia"
2026-08-10 14:17:18,4.763,-76.457,80.1,2.4,MLr_1,"San Jose del Palmar - Choco, Colombia"
2026-08-10 14:25:21,4.814,-76.37,83.6,2.4,MLr_1,"San Jose del Palmar - Choco, Colombia"
2026-08-10 14:27:44,4.849,-76.824,15.11,2.0,MLr_1,"Medio San Juan (Andagoya) - Choco, Colombia"
2026-08-10 14:37:16,4.528,-76.495,82.67,2.4,MLr_1,"Sipi - Choco, Colombia"
2026-08-10 14:41:39,4.502,-76.415,59.46,2.2,MLr_1,"Sipi - Choco, Colombia"
2026-08-10 14:44:09,4.434,-76.691,46.98,2.0,MLr_1,"Istmina - Choco, Colombia"
2026-08-10 14:49:31,4.434,-76.725,91.8,2.2,MLr_1,"Istmina - Choco, Colombia"
2026-08-10 15:01:31,4.844,-76.41,87.58,3.8,MLr_1,"San Jose del Palmar - Choco, Colombia"
2026-08-10 15:18:12,4.281,-76.749,99.26,2.0,M,"El Litoral del San Juan (Docordo) - Choco, Colombia"
2026-08-10 15:22:49,4.877,-76.362,86.37,2.4,MLr_1,"San Jose del Palmar - Choco, Colombia"
2026-08-10 15:26:01,4.237,-76.604,106.34,2.1,MLr_1,"El Litoral del San Juan (Docordo) - Choco, Colombia"
2026-08-10 15:30:50,4.441,-76.587,114.21,2.4,MLr_1,"Sipi - Choco, Colombia"
2026-08-10 15:33:55,4.866,-76.33,98.51,2.5,MLr_1,"San Jose del Palmar - Choco, Colombia"
2026-08-10 15:42:16,4.757,-76.44,81.52,2.1,MLr_1,"San Jose del Palmar - Choco, Colombia"
2026-08-10 15:44:14,4.539,-76.629,75.05,2.1,MLr_1,"Sipi - Choco, Colombia"
2026-08-10 15:48:36,4.852,-76.402,86.37,2.4,MLr_1,"San Jose del Palmar - Choco, Colombia"
2026-08-10 15:53:32,4.873,-76.371,79.21,2.1,MLr_1,"San Jose del Palmar - Choco, Colombia"
2026-08-10 16:23:01,4.364,-76.74,80.1,2.0,MLr_1,"El Litoral del San Juan (Docordo) - Choco, Colombia"
2026-08-10 16:31:26,4.38,-76.711,94.69,2.3,MLr_1,"El Litoral del San Juan (Docordo) - Choco, Colombia"
2026-08-10 16:40:52,4.814,-76.396,81.98,2.3,MLr_1,"San Jose del Palmar - Choco, Colombia"
2026-08-10 16:43:28,4.858,-76.39,82.91,2.1,MLr_1,"San Jose del Palmar - Choco, Colombia"
2026-08-10 17:21:23,4.856,-76.422,87.06,2.5,MLr_1,"San Jose del Palmar - Choco, Colombia"
2026-08-10 17:28:37,4.431,-76.72,78.75,2.6,MLr_1,"Istmina - Choco, Colombia"
2026-08-10 17:33:32,4.836,-76.395,86.26,2.7,MLr_1,"San Jose del Palmar - Choco, Colombia"
2026-08-10 18:30:19,4.592,-76.761,45.71,2.4,MLr_1,"Medio San Juan (Andagoya) - Choco, Colombia"
2026-08-10 19:29:17,4.707,-76.465,87.87,2.4,MLr_1,"Sipi - Choco, Colombia"
2026-08-10 19:30:45,4.795,-76.366,80.36,2.4,MLr_1,"San Jose del Palmar - Choco, Colombia"
2026-08-10 19:37:31,4.89,-76.328,80.6,2.0,MLr_1,"San Jose del Palmar - Choco, Colombia"
2026-08-10 21:39:15,4.858,-76.313,88.68,2.1,MLr_1,"San Jose del Palmar - Choco, Colombia"
2026-08-10 22:37:02,4.534,-76.768,95.72,2.4,MLr_1,"Istmina - Choco, Colombia"
2026-08-10 23:05:34,4.665,-76.481,76.78,2.3,MLr_1,"Sipi - Choco, Colombia"
2026-08-10 23:09:28,4.812,-76.443,81.06,2.1,MLr_1,"San Jose del Palmar - Choco, Colombia"
2026-08-10 23:10:58,4.739,-76.463,84.87,2.3,MLr_1,"Sipi - Choco, Colombia"
2026-08-10 23:28:23,4.465,-76.669,89.84,2.4,MLr_1,"Sipi - Choco, Colombia"
2026-08-10 23:55:04,4.644,-76.794,111.5,2.0,MLr_1,"Medio San Juan (Andagoya) - Choco, Colombia"
2026-08-11 00:52:25,4.731,-76.481,88.68,2.0,MLr_1,"Sipi - Choco, Colombia"
2026-08-11 00:56:38,4.421,-76.717,93.65,2.5,MLr_1,"Istmina - Choco, Colombia"
2026-08-11 01:04:35,4.682,-76.683,14.73,2.3,MLr_1,"Sipi - Choco, Colombia"
2026-08-11 02:08:03,4.987,-76.194,93.53,2.0,MLr_1,"San Jose del Palmar - Choco, Colombia"
2026-08-11 02:19:58,4.753,-76.812,0.0,2.6,MLr_1,"Sipi - Choco, Colombia"
2026-08-11 02:53:15,4.234,-76.762,56.34,2.4,MLr_1,"El Litoral del San Juan (Docordo) - Choco, Colombia"
2026-08-11 03:15:54,4.852,-76.356,89.37,2.9,MLr_1,"San Jose del Palmar - Choco, Colombia"
2026-08-11 03:26:47,4.881,-76.332,90.76,2.5,MLr_1,"San Jose del Palmar - Choco, Colombia"
2026-08-11 04:22:14,4.886,-76.337,84.98,2.2,MLr_1,"San Jose del Palmar - Choco, Colombia"
2026-08-11 05:12:48,4.847,-76.396,96.13,3.6,MLr_1,"San Jose del Palmar - Choco, Colombia"
2026-08-11 05:34:43,4.755,-76.494,85.68,2.2,MLr_1,"Sipi - Choco, Colombia"
2026-08-11 05:42:26,4.985,-76.181,99.54,2.6,MLr_1,"San Jose del Palmar - Choco, Colombia"
2026-08-11 05:45:02,4.396,-76.657,89.49,2.2,MLr_1,"Istmina - Choco, Colombia"
2026-08-11 05:54:36,4.877,-76.371,92.61,2.8,MLr_3,"San Jose del Palmar - Choco, Colombia"
2026-08-11 07:18:38,4.721,-76.387,84.06,2.3,MLr_1,"Sipi - Choco, Colombia"
2026-08-11 07:52:56,4.429,-76.744,92.38,3.2,MLr_1,"Istmina - Choco, Colombia"
2026-08-11 09:31:15,4.748,-76.489,94.69,3.0,MLr_1,"Sipi - Choco, Colombia"
2026-08-11 09:53:04,4.958,-76.339,92.15,2.8,MLr_1,"San Jose del Palmar - Choco, Colombia"
2026-08-11 10:40:46,4.568,-76.644,39.01,2.1,MLr_1,"Sipi - Choco, Colombia"
2026-08-11 11:53:24,4.323,-76.686,50.79,2.9,MLr_1,"El Litoral del San Juan (Docordo) - Choco, Colombia"
2026-08-11 12:03:04,4.447,-76.704,74.7,2.2,MLr_1,"Istmina - Choco, Colombia"
2026-08-11 12:17:43,4.575,-76.629,33.7,2.3,MLr_1,"Sipi - Choco, Colombia"
2026-08-11 13:30:48,4.752,-76.103,91.22,2.3,MLr_1,"Ansermanuevo - Valle del Cauca, Colombia"
2026-08-11 14:29:25,4.846,-76.341,93.99,2.8,MLr_1,"San Jose del Palmar - Choco, Colombia"
2026-08-11 15:10:34,4.848,-76.424,89.37,3.1,MLr_1,"San Jose del Palmar - Choco, Colombia"
2026-08-11 15:43:39,4.9,-76.367,91.97,3.9,MLr_1,"San Jose del Palmar - Choco, Colombia"
2026-08-11 16:26:13,4.484,-76.68,41.32,2.1,MLr_1,"Istmina - Choco, Colombia"
2026-08-11 16:33:59,4.866,-76.408,88.1,2.7,MLr_1,"San Jose del Palmar - Choco, Colombia"
2026-08-11 16:36:50,4.223,-76.801,54.84,2.1,MLr_1,"El Litoral del San Juan (Docordo) - Choco, Colombia"
2026-08-11 16:41:55,4.549,-76.663,42.48,2.2,MLr_1,"Sipi - Choco, Colombia"
2026-08-11 17:04:48,4.814,-76.43,86.37,2.4,MLr_1,"San Jose del Palmar - Choco, Colombia"
2026-08-11 17:19:54,4.655,-76.681,36.24,2.1,MLr_1,"Sipi - Choco, Colombia"
2026-08-11 17:47:23,4.751,-76.463,77.94,2.0,MLr_1,"San Jose del Palmar - Choco, Colombia"
2026-08-11 18:46:43,4.873,-76.319,88.22,2.2,MLr_1,"San Jose del Palmar - Choco, Colombia"
2026-08-11 20:22:32,4.537,-76.663,36.24,2.5,MLr_1,"Sipi - Choco, Colombia"
2026-08-11 21:23:36,4.746,-76.472,84.06,2.3,MLr_1,"Sipi - Choco, Colombia"
2026-08-11 21:56:16,4.418,-76.735,38.32,2.5,MLr_1,"Istmina - Choco, Colombia"
2026-08-11 22:03:10,4.44,-76.732,79.09,2.2,MLr_1,"Istmina - Choco, Colombia"
2026-08-11 22:24:02,4.896,-76.373,90.99,3.5,MLr_1,"San Jose del Palmar - Choco, Colombia"
2026-08-11 23:41:35,4.86,-76.326,80.6,2.2,MLr_1,"San Jose del Palmar - Choco, Colombia"
2026-08-12 01:10:05,4.829,-76.37,81.29,2.1,MLr_1,"San Jose del Palmar - Choco, Colombia"
2026-08-12 01:45:52,4.214,-76.839,52.06,2.3,MLr_1,"El Litoral del San Juan (Docordo) - Choco, Colombia"
2026-08-12 04:07:38,4.815,-76.497,50.22,3.1,MLr_1,"San Jose del Palmar - Choco, Colombia"
2026-08-12 04:09:23,4.957,-76.289,95.21,3.2,MLr_1,"San Jose del Palmar - Choco, Colombia"
2026-08-12 05:32:22,4.744,-76.112,89.37,2.2,MLr_1,"Ansermanuevo - Valle del Cauca, Colombia"
2026-08-12 06:53:25,4.765,-76.5,92.15,2.7,MLr_1,"Sipi - Choco, Colombia"
2026-08-12 08:35:00,4.865,-76.324,86.6,2.1,MLr_1,"San Jose del Palmar - Choco, Colombia"
2026-08-12 12:08:37,4.424,-76.783,43.98,2.0,MLr_1,"Istmina - Choco, Colombia"
2026-08-12 12:09:22,4.736,-76.466,86.37,2.3,MLr_1,"Sipi - Choco, Colombia"
2026-08-12 14:31:18,4.469,-76.712,45.48,2.3,MLr_1,"Istmina - Choco, Colombia"
2026-08-12 16:22:25,4.67,-76.728,53.56,2.3,MLr_1,"Sipi - Choco, Colombia"
2026-08-12 17:27:51,4.797,-76.366,86.14,2.5,MLr_1,"San Jose del Palmar - Choco, Colombia"
2026-08-12 17:47:25,4.96,-76.22,92.15,2.3,MLr_1,"San Jose del Palmar - Choco, Colombia"
2026-08-12 17:51:34,4.446,-76.889,118.39,2.2,MLr_1,"Istmina - Choco, Colombia"
2026-08-12 18:32:19,4.972,-76.333,91.92,3.4,MLr_1,"San Jose del Palmar - Choco, Colombia"
2026-08-12 18:59:29,5.095,-75.941,103.01,2.9,MLr_1,"Apia - Risaralda, Colombia"
2026-08-12 19:37:18,4.877,-76.362,88.68,3.0,MLr_1,"San Jose del Palmar - Choco, Colombia"
2026-08-12 21:24:14,4.428,-76.745,83.25,2.3,MLr_1,"Istmina - Choco, Colombia"
2026-08-12 22:37:48,4.659,-76.512,90.53,2.8,MLr_1,"Sipi - Choco, Colombia"
2026-08-12 23:09:54,4.96,-76.301,88.68,2.6,MLr_1,"San Jose del Palmar - Choco, Colombia"
2026-08-12 23:26:22,4.406,-76.737,42.94,2.5,MLr_1,"Istmina - Choco, Colombia"
2026-08-12 23:56:18,4.835,-76.349,76.9,2.0,MLr_1,"San Jose del Palmar - Choco, Colombia"
2026-08-13 00:13:20,4.524,-76.682,43.17,2.5,MLr_1,"Medio San Juan (Andagoya) - Choco, Colombia"
2026-08-13 00:36:14,4.571,-76.514,33.7,2.0,MLr_1,"Sipi - Choco, Colombia"
2026-08-13 01:08:37,4.817,-76.187,58.25,2.6,M,"El Cairo - Valle del Cauca, Colombia"
2026-08-13 01:59:02,4.45,-76.735,44.79,2.2,MLr_1,"Istmina - Choco, Colombia"
2026-08-13 03:05:33,4.802,-76.461,23.82,2.1,M,"San Jose del Palmar - Choco, Colombia"
2026-08-13 03:17:16,4.59,-76.642,39.93,2.0,MLr_1,"Sipi - Choco, Colombia"
2026-08-13 04:31:33,4.433,-76.663,49.18,2.6,MLr_1,"Sipi - Choco, Colombia"
2026-08-13 05:43:29,4.387,-76.703,45.94,2.8,MLr_1,"Istmina - Choco, Colombia"
2026-08-13 06:03:30,4.86,-76.439,97.4,2.6,MLr_1,"San Jose del Palmar - Choco, Colombia"
2026-08-13 07:57:46,4.511,-76.591,101.16,2.4,MLr_1,"Sipi - Choco, Colombia"
2026-08-13 08:08:01,4.833,-76.336,94.23,2.4,MLr_1,"San Jose del Palmar - Choco, Colombia"
2026-08-13 11:11:20,4.444,-76.767,40.63,2.1,MLr_1,"Istmina - Choco, Colombia"
2026-08-13 11:22:51,4.855,-76.538,94.1,3.6,MLr_1,"Novita - Choco, Colombia"
2026-08-13 11:48:25,4.472,-76.798,44.21,2.3,MLr_1,"Istmina - Choco, Colombia"
2026-08-13 12:51:07,4.526,-76.689,45.94,2.4,MLr_1,"Istmina - Choco, Colombia"
2026-08-13 14:35:34,4.444,-76.761,43.17,2.6,MLr_1,"Istmina - Choco, Colombia"
2026-08-13 14:42:32,4.859,-76.407,95.05,4.2,MLr_1,"San Jose del Palmar - Choco, Colombia"
2026-08-13 16:22:21,4.49,-76.646,43.17,2.3,MLr_1,"Sipi - Choco, Colombia"
2026-08-13 17:58:01,4.456,-76.774,42.94,2.7,MLr_1,"Istmina - Choco, Colombia"
2026-08-13 20:05:21,4.803,-76.36,84.75,2.1,MLr_1,"San Jose del Palmar - Choco, Colombia"
2026-08-13 20:45:17,4.564,-76.67,40.63,2.6,MLr_1,"Sipi - Choco, Colombia"
2026-08-13 21:10:45,4.805,-76.473,79.21,2.3,MLr_1,"San Jose del Palmar - Choco, Colombia"
2026-08-13 21:42:20,4.497,-76.691,42.01,2.5,MLr_1,"Istmina - Choco, Colombia"
2026-08-14 00:00:27,4.619,-76.642,36.93,2.2,MLr_1,"Sipi - Choco, Colombia"
2026-08-14 00:59:23,4.478,-76.592,45.94,2.1,MLr_1,"Sipi - Choco, Colombia"
2026-08-14 01:09:41,4.378,-76.684,45.94,2.8,MLr_1,"El Litoral del San Juan (Docordo) - Choco, Colombia"
2026-08-14 02:26:45,4.326,-76.676,49.98,3.1,MLr_1,"El Litoral del San Juan (Docordo) - Choco, Colombia"
2026-08-14 02:52:46,4.613,-76.476,50.1,2.1,MLr_1,"Sipi - Choco, Colombia"
2026-08-14 03:21:44,4.866,-76.402,91.05,3.9,MLr_1,"San Jose del Palmar - Choco, Colombia"
2026-08-14 03:25:20,4.286,-76.806,46.06,2.1,MLr_1,"El Litoral del San Juan (Docordo) - Choco, Colombia"
2026-08-14 04:21:48,4.461,-76.682,43.4,2.3,MLr_1,"Istmina - Choco, Colombia"
2026-08-14 04:22:54,4.507,-76.648,42.94,2.3,MLr_1,"Sipi - Choco, Colombia"
2026-08-14 04:38:19,4.406,-76.773,43.17,2.1,MLr_1,"El Litoral del San Juan (Docordo) - Choco, Colombia"
2026-08-14 04:41:09,4.53,-76.672,43.63,2.2,MLr_1,"Sipi - Choco, Colombia"
2026-08-14 06:07:15,4.442,-76.75,42.01,2.8,MLr_1,"Istmina - Choco, Colombia"
2026-08-14 06:11:39,4.657,-76.653,42.94,2.2,MLr_1,"Sipi - Choco, Colombia"
2026-08-14 07:29:55,4.571,-76.651,41.78,2.5,MLr_1,"Sipi - Choco, Colombia"
2026-08-14 07:38:14,4.395,-76.76,42.94,2.5,MLr_1,"El Litoral del San Juan (Docordo) - Choco, Colombia"
2026-08-14 07:45:15,4.387,-76.694,86.6,2.5,MLr_1,"Istmina - Choco, Colombia"
2026-08-14 08:44:25,4.575,-76.695,24.28,3.1,MLr_1,"Sipi - Choco, Colombia"
2026-08-14 10:01:40,4.892,-76.401,89.38,3.2,MLr_1,"San Jose del Palmar - Choco, Colombia"
2026-08-14 12:55:15,4.392,-76.777,50.17,2.5,MLr_1,"El Litoral del San Juan (Docordo) - Choco, Colombia"
2026-08-14 13:08:09,4.47,-76.745,27.39,3.2,MLr_1,"Istmina - Choco, Colombia"
2026-08-14 13:10:12,4.571,-76.732,40.17,2.2,MLr_1,"Medio San Juan (Andagoya) - Choco, Colombia"
2026-08-14 13:11:26,4.489,-76.687,45.59,2.2,MLr_1,"Istmina - Choco, Colombia"
2026-08-14 13:19:03,4.412,-76.795,45.71,2.1,MLr_1,"Istmina - Choco, Colombia"
2026-08-14 17:17:30,4.499,-76.689,40.17,2.3,MLr_1,"Istmina - Choco, Colombia"
2026-08-14 21:48:26,4.552,-76.727,42.01,2.1,MLr_1,"Istmina - Choco, Colombia"
2026-08-14 22:15:27,4.562,-76.672,40.17,2.5,MLr_1,"Sipi - Choco, Colombia"
2026-08-14 22:20:46,4.988,-76.237,100.88,2.4,MLr_1,"San Jose del Palmar - Choco, Colombia"
2026-08-14 22:28:07,4.56,-76.633,38.32,2.8,MLr_1,"Sipi - Choco, Colombia"
2026-08-14 22:41:32,4.871,-76.328,89.37,2.8,MLr_1,"San Jose del Palmar - Choco, Colombia"
2026-08-14 22:57:33,4.956,-76.269,83.83,2.3,MLr_1,"San Jose del Palmar - Choco, Colombia"
2026-08-14 23:13:21,4.587,-76.727,36.93,2.3,MLr_1,"Medio San Juan (Andagoya) - Choco, Colombia"
2026-08-15 00:13:52,4.786,-76.302,80.83,2.2,MLr_1,"San Jose del Palmar - Choco, Colombia"
2026-08-15 00:33:37,4.467,-76.761,40.17,2.2,MLr_1,"Istmina - Choco, Colombia"
2026-08-15 01:14:53,4.583,-76.634,40.17,2.2,MLr_1,"Sipi - Choco, Colombia"
2026-08-15 05:39:09,4.556,-76.723,39.93,2.5,MLr_1,"Medio San Juan (Andagoya) - Choco, Colombia"
2026-08-15 05:56:31,4.446,-76.705,44.09,2.5,MLr_1,"Istmina - Choco, Colombia"
2026-08-15 06:30:39,4.575,-76.653,39.93,2.2,MLr_1,"Sipi - Choco, Colombia"
2026-08-15 06:41:55,4.956,-76.055,109.62,2.1,M,"El Aguila - Valle del Cauca, Colombia"
2026-08-15 08:12:57,4.571,-76.732,37.62,2.3,MLr_1,"Medio San Juan (Andagoya) - Choco, Colombia"
2026-08-15 09:00:39,4.478,-76.669,43.86,2.5,MLr_1,"Istmina - Choco, Colombia"
2026-08-15 09:04:16,4.414,-76.767,37.16,2.4,MLr_1,"Istmina - Choco, Colombia"
2026-08-15 10:08:36,4.403,-76.739,90.3,2.9,MLr_1,"El Litoral del San Juan (Docordo) - Choco, Colombia"
2026-08-15 10:12:33,4.388,-76.763,29.76,2.1,MLr_1,"El Litoral del San Juan (Docordo) - Choco, Colombia"
2026-08-15 10:32:06,4.467,-76.699,48.02,2.4,MLr_1,"Istmina - Choco, Colombia"
2026-08-15 10:52:32,4.583,-76.723,39.93,2.4,MLr_1,"Medio San Juan (Andagoya) - Choco, Colombia"
2026-08-15 11:39:31,4.516,-76.592,78.85,2.0,MLr_1,"Sipi - Choco, Colombia"
2026-08-15 11:41:08,4.465,-76.71,42.71,2.5,MLr_1,"Istmina - Choco, Colombia"
2026-08-15 12:51:40,4.608,-76.654,41.44,2.5,MLr_1,"Sipi - Choco, Colombia"
2026-08-15 13:18:54,4.499,-76.718,39.7,2.0,MLr_1,"Istmina - Choco, Colombia"
2026-08-15 17:36:20,4.379,-76.712,46.52,2.8,MLr_1,"El Litoral del San Juan (Docordo) - Choco, Colombia"
2026-08-15 17:55:09,4.539,-76.655,43.4,2.9,MLr_1,"Sipi - Choco, Colombia"
2026-08-15 18:00:46,4.298,-76.709,47.33,2.3,MLr_1,"El Litoral del San Juan (Docordo) - Choco, Colombia"
2026-08-15 20:38:59,4.82,-76.396,84.06,2.3,MLr_1,"San Jose del Palmar - Choco, Colombia"
2026-08-15 20:48:24,4.433,-76.639,50.27,2.0,MLr_1,"Sipi - Choco, Colombia"
2026-08-15 21:36:45,4.475,-76.688,43.17,2.4,MLr_1,"Istmina - Choco, Colombia"
2026-08-16 01:11:30,4.507,-76.648,39.93,2.4,MLr_1,"Sipi - Choco, Colombia"
2026-08-16 01:23:20,4.454,-76.686,48.02,3.2,MLr_1,"Istmina - Choco, Colombia"
2026-08-16 03:56:34,4.414,-76.763,45.48,2.4,MLr_1,"Istmina - Choco, Colombia"
2026-08-16 06:35:29,4.577,-76.697,39.93,2.9,MLr_1,"Sipi - Choco, Colombia"
2026-08-16 08:26:04,4.582,-76.675,41.44,3.3,MLr_1,"Sipi - Choco, Colombia"
2026-08-16 09:34:06,4.456,-76.682,42.48,2.2,MLr_1,"Istmina - Choco, Colombia"
2026-08-16 10:12:23,4.681,-76.222,109.51,2.1,M,"El Cairo - Valle del Cauca, Colombia"
2026-08-16 10:37:34,4.793,-76.445,85.68,2.7,MLr_1,"San Jose del Palmar - Choco, Colombia"
2026-08-16 11:15:02,4.389,-76.711,90.99,2.2,MLr_1,"Istmina - Choco, Colombia"
2026-08-16 12:17:55,4.46,-76.811,33.58,2.0,MLr_1,"Istmina - Choco, Colombia"
2026-08-16 12:22:18,4.499,-76.682,41.55,2.2,MLr_1,"Istmina - Choco, Colombia"
2026-08-16 13:30:28,4.623,-76.761,21.79,3.4,MLr_1,"Sipi - Choco, Colombia"
2026-08-16 13:32:56,4.587,-76.689,38.78,2.2,MLr_1,"Sipi - Choco, Colombia"
2026-08-16 14:39:01,4.583,-76.676,41.09,2.0,MLr_1,"Sipi - Choco, Colombia"
2026-08-16 15:26:07,4.511,-76.659,40.63,2.0,MLr_1,"Sipi - Choco, Colombia"
2026-08-16 15:48:09,4.721,-76.504,88.45,2.2,MLr_1,"Sipi - Choco, Colombia"
2026-08-16 17:42:05,4.571,-76.676,44.09,3.2,MLr_1,"Sipi - Choco, Colombia"
2026-08-16 18:44:49,4.427,-76.722,44.32,2.8,MLr_1,"Istmina - Choco, Colombia"
2026-08-16 19:26:40,4.535,-76.65,39.93,2.1,M,"Sipi - Choco, Colombia"
2026-08-16 20:58:26,4.543,-76.644,43.17,2.5,MLr_1,"Sipi - Choco, Colombia"
2026-08-16 22:41:49,4.599,-76.726,38.66,2.1,MLr_1,"Sipi - Choco, Colombia"
2026-08-17 01:38:28,4.486,-76.684,42.94,2.3,MLr_1,"Istmina - Choco, Colombia"
2026-08-17 03:00:22,4.862,-76.341,90.53,2.7,MLr_1,"San Jose del Palmar - Choco, Colombia"
2026-08-17 03:19:52,4.843,-76.385,81.06,2.0,MLr_1,"San Jose del Palmar - Choco, Colombia"
2026-08-17 03:54:15,4.461,-76.688,45.94,2.7,MLr_1,"Istmina - Choco, Colombia"
2026-08-17 04:34:44,4.634,-76.126,89.37,2.3,MLr_1,"Toro - Valle del Cauca, Colombia"
2026-08-17 05:41:50,4.353,-76.818,45.94,2.0,MLr_1,"El Litoral del San Juan (Docordo) - Choco, Colombia"
2026-08-17 06:45:41,4.587,-76.141,93.76,2.1,MLr_1,"Toro - Valle del Cauca, Colombia"
2026-08-17 06:49:30,4.416,-76.714,43.17,2.1,MLr_1,"Istmina - Choco, Colombia"
2026-08-17 07:04:25,4.443,-76.73,46.06,2.1,MLr_1,"Istmina - Choco, Colombia"
2026-08-17 07:37:42,4.41,-76.775,40.86,2.9,MLr_1,"El Litoral del San Juan (Docordo) - Choco, Colombia"
2026-08-17 07:50:12,4.473,-76.65,35.55,2.2,MLr_1,"Sipi - Choco, Colombia"
2026-08-17 09:38:18,4.266,-76.743,46.17,2.8,MLr_1,"El Litoral del San Juan (Docordo) - Choco, Colombia"
2026-08-17 09:50:37,4.994,-76.262,97.46,2.9,MLr_1,"San Jose del Palmar - Choco, Colombia"
2026-08-17 13:00:12,4.488,-76.688,41.32,2.2,MLr_1,"Istmina - Choco, Colombia"
2026-08-17 13:22:23,4.438,-76.768,43.75,2.1,MLr_1,"Istmina - Choco, Colombia"
2026-08-17 13:24:09,4.499,-76.693,37.16,2.1,MLr_1,"Istmina - Choco, Colombia"
2026-08-17 14:37:37,4.543,-76.691,42.71,2.9,MLr_1,"Medio San Juan (Andagoya) - Choco, Colombia"
2026-08-17 18:21:52,4.467,-76.708,43.17,3.4,MLr_1,"Istmina - Choco, Colombia"
2026-08-17 18:32:32,4.642,-76.668,13.22,2.7,MLr_1,"Sipi - Choco, Colombia"
2026-08-17 20:43:41,4.426,-76.713,40.05,2.2,MLr_1,"Istmina - Choco, Colombia"
2026-08-17 20:46:22,4.418,-76.771,45.25,2.3,MLr_1,"Istmina - Choco, Colombia"
2026-08-17 20:51:02,4.372,-76.76,45.94,2.7,MLr_1,"El Litoral del San Juan (Docordo) - Choco, Colombia"
2026-08-17 21:11:10,4.403,-76.746,42.94,2.2,MLr_1,"El Litoral del San Juan (Docordo) - Choco, Colombia"
2026-08-17 21:41:31,4.418,-76.784,42.24,2.0,MLr_1,"Istmina - Choco, Colombia"
2026-08-17 21:49:54,4.414,-76.726,44.32,2.6,MLr_1,"Istmina - Choco, Colombia"
2026-08-17 22:14:30,4.651,-76.681,36.7,2.1,MLr_1,"Sipi - Choco, Colombia"
2026-08-17 23:49:03,4.719,-76.447,82.21,2.2,MLr_1,"Sipi - Choco, Colombia"
2026-08-18 01:46:54,4.524,-76.672,42.94,2.1,MLr_1,"Medio San Juan (Andagoya) - Choco, Colombia"
2026-08-18 02:29:05,4.406,-76.771,45.48,2.1,MLr_1,"El Litoral del San Juan (Docordo) - Choco, Colombia"
2026-08-18 02:39:00,4.406,-76.758,47.56,2.4,MLr_1,"Istmina - Choco, Colombia"
2026-08-18 02:47:12,4.397,-76.735,45.94,2.6,MLr_1,"El Litoral del San Juan (Docordo) - Choco, Colombia"
2026-08-18 04:52:14,4.545,-76.716,40.17,2.5,MLr_1,"Istmina - Choco, Colombia"
2026-08-18 05:13:39,4.453,-76.688,53.6,2.0,M,"Istmina - Choco, Colombia"
2026-08-18 08:42:13,4.408,-76.775,43.17,3.2,MLr_1,"El Litoral del San Juan (Docordo) - Choco, Colombia"
2026-08-18 09:20:47,4.577,-76.719,37.16,2.2,MLr_1,"Medio San Juan (Andagoya) - Choco, Colombia"
2026-08-18 10:33:07,4.503,-76.71,43.86,2.2,MLr_1,"Istmina - Choco, Colombia"
2026-08-18 10:49:05,4.584,-76.729,17.7,3.4,MLr_1,"Medio San Juan (Andagoya) - Choco, Colombia"
2026-08-18 11:06:52,5.15,-76.125,87.99,2.4,MLr_1,"San Jose del Palmar - Choco, Colombia"
2026-08-18 11:55:28,4.379,-76.712,51.14,2.2,MLr_1,"El Litoral del San Juan (Docordo) - Choco, Colombia"
2026-08-18 12:10:22,4.416,-76.756,42.94,2.0,MLr_1,"Istmina - Choco, Colombia"
2026-08-18 16:03:50,4.532,-76.661,42.01,2.4,MLr_1,"Sipi - Choco, Colombia"
2026-08-18 17:03:08,4.506,-76.714,62.31,3.1,MLr_1,"Istmina - Choco, Colombia"
2026-08-18 17:19:58,4.401,-76.709,44.32,2.4,MLr_1,"Istmina - Choco, Colombia"
2026-08-18 18:23:49,4.531,-76.647,51.26,2.9,MLr_1,"Sipi - Choco, Colombia"
2026-08-18 18:31:49,4.468,-76.683,48.83,2.1,MLr_1,"Istmina - Choco, Colombia"
2026-08-18 18:55:50,4.594,-76.661,39.93,2.9,MLr_1,"Sipi - Choco, Colombia"
2026-08-18 22:17:15,4.319,-76.813,48.94,2.2,MLr_1,"El Litoral del San Juan (Docordo) - Choco, Colombia"
2026-08-18 22:22:52,4.418,-76.714,44.09,2.6,MLr_1,"Istmina - Choco, Colombia"
2026-08-18 22:38:54,4.448,-76.69,45.71,3.3,MLr_1,"Istmina - Choco, Colombia"
2026-08-18 22:45:15,4.41,-76.733,42.94,2.8,MLr_1,"Istmina - Choco, Colombia"
2026-08-18 22:48:19,4.478,-76.682,42.94,2.2,MLr_1,"Istmina - Choco, Colombia"
2026-08-18 23:11:41,4.578,-76.654,40.05,2.0,MLr_1,"Sipi - Choco, Colombia"
2026-08-19 00:16:14,4.585,-76.651,38.09,2.3,MLr_1,"Sipi - Choco, Colombia"
2026-08-19 01:44:23,4.934,-76.26,87.99,2.2,MLr_1,"San Jose del Palmar - Choco, Colombia"
2026-08-19 02:27:54,4.581,-76.661,39.93,2.3,MLr_1,"Sipi - Choco, Colombia"
2026-08-19 02:55:08,4.334,-76.811,45.71,2.4,MLr_1,"El Litoral del San Juan (Docordo) - Choco, Colombia"
2026-08-19 03:27:33,4.592,-76.663,42.94,2.6,MLr_1,"Sipi - Choco, Colombia"
2026-08-19 06:44:06,4.577,-76.655,39.93,2.1,MLr_1,"Sipi - Choco, Colombia"
2026-08-19 08:25:24,4.51,-76.692,40.05,2.5,MLr_1,"Istmina - Choco, Colombia"
2026-08-19 08:26:12,4.341,-76.789,43.28,2.6,MLr_1,"El Litoral del San Juan (Docordo) - Choco, Colombia"
2026-08-19 08:55:12,4.243,-76.777,48.94,2.2,MLr_1,"El Litoral del San Juan (Docordo) - Choco, Colombia"
2026-08-19 08:59:42,4.501,-76.682,42.24,2.8,MLr_1,"Istmina - Choco, Colombia"
2026-08-19 11:59:52,4.82,-76.332,80.6,2.0,MLr_1,"San Jose del Palmar - Choco, Colombia"
2026-08-19 12:27:25,4.594,-76.591,35.78,2.9,MLr_1,"Sipi - Choco, Colombia"
2026-08-19 13:18:31,4.454,-76.688,47.1,2.8,MLr_1,"Istmina - Choco, Colombia"
2026-08-19 13:21:51,4.401,-76.773,44.56,2.6,MLr_1,"El Litoral del San Juan (Docordo) - Choco, Colombia"
2026-08-19 13:35:24,4.359,-76.816,41.78,2.3,MLr_1,"El Litoral del San Juan (Docordo) - Choco, Colombia"
2026-08-19 13:36:25,4.344,-76.82,45.48,2.2,MLr_1,"El Litoral del San Juan (Docordo) - Choco, Colombia"
2026-08-19 14:33:53,4.516,-76.733,42.24,2.6,MLr_1,"Istmina - Choco, Colombia"
2026-08-19 20:09:20,4.42,-76.676,64.68,2.9,MLr_1,"Istmina - Choco, Colombia"
2026-08-19 23:10:22,4.433,-76.692,23.5,3.1,MLr_1,"Istmina - Choco, Colombia"
2026-08-19 23:24:13,4.308,-76.703,68.73,2.7,MLr_1,"El Litoral del San Juan (Docordo) - Choco, Colombia"
